"ID","Titulo","Resumen","Fecha","Imagen","Contenido"
"1","Primer Reunión de Síndicos 2024","Se llevó a cabo la primera reunión nacional donde se expusieron los principales retos para el ejercicio fiscal 2024.","2024-01-15","https://images.unsplash.com/photo-1542744173-8e7e53415bb0?auto=format&fit=crop&q=80&w=800","Durante esta primera reunión nacional se discutieron los puntos clave para afrontar los retos del ejercicio fiscal 2024. Se abordaron temas de interés para toda la comunidad contable y se establecieron líneas de acción directa con las autoridades correspondientes.

Además, se revisó el marco normativo de las nuevas obligaciones fiscales y se establecieron mesas de diálogo permanente para resolver casos prácticos de nuestros agremiados. Invitamos a todos a mantenerse al tanto de nuestros próximos boletines."
"2","Actualización de la Carta Porte 3.0","Nuevas disposiciones y prórrogas publicadas por el SAT para la implementación del complemento Carta Porte.","2024-02-28","https://images.unsplash.com/photo-1586528116311-ad8ed7c80a30?auto=format&fit=crop&q=80&w=800","El SAT ha publicado una prórroga importante para la adopción total del complemento Carta Porte 3.0. Esta nueva versión busca agilizar y estandarizar la forma en que se transportan mercancías a nivel nacional.

Como contadores, es vital que revisemos el instructivo oficial y orientemos a nuestros clientes sobre la correcta emisión de sus CFDI de ingreso o traslado. Recomendamos agendar una asesoría interna para revisar casos particulares."
"3","Declaración Anual Personas Morales","Recordatorio y puntos clave a revisar para el correcto envío de la declaración anual de personas morales.","2024-03-10","https://images.unsplash.com/photo-1454165804606-c3d57bc86b40?auto=format&fit=crop&q=80&w=800","El mes de marzo marca la obligación principal de las Personas Morales para presentar su Declaración Anual.

En este artículo, recopilamos los aspectos más relevantes:
1. Conciliación contable-fiscal.
2. Aplicación correcta de las pérdidas fiscales de ejercicios anteriores.
3. Revisión del visor de nómina.

Asegúrate de revisar todos los aplicativos con tiempo para prevenir cualquier falla técnica de último minuto en el portal oficial."
